Workbook

Sheet Premissas
A1: ENDINHEIRADOS — PREMISSAS DO MODELO
A2: Células azuis = inputs editáveis · células amarelas = premissas-chave
A4: Parâmetro | B4: Ano 1 | C4: Ano 2 | D4: Ano 3
A5: Crescimento mensal de tráfego | B5: 0.42 | C5: 0.18 | D5: 0.09
A6: RPM blended — display + afiliação (R$/1.000 visitas) | B6: 35 | C6: 60 | D6: 95
A7: Custo de IA + infraestrutura (R$/mês) | B7: 800 | C7: 2000 | D7: 5000
A9: Visitas no mês inicial (jun/2026) | B9: 500 | C9: ≈125 usuários no GA nos primeiros dias
A11: Captação (R$) | B11: 750000

Sheet Projeção Mensal
A1: PROJEÇÃO MENSAL — 36 MESES
A3: Mês | B3: Ano | C3: Visitas/mês | D3: RPM (R$/1k) | E3: Receita (R$) | F3: Custo op. (R$)
A4: 1 | B4: Ano 1 | C4: =Premissas!$B$9*(1+Premissas!$B$5) | D4: =Premissas!$B$6 | E4: =C4/1000*D4 | F4: =Premissas!$B$7
A5: 2 | B5: Ano 1 | C5: =C4*(1+Premissas!$B$5) | D5: =Premissas!$B$6 | E5: =C5/1000*D5 | F5: =Premissas!$B$7
A6: 3 | B6: Ano 1 | C6: =C5*(1+Premissas!$B$5) | D6: =Premissas!$B$6 | E6: =C6/1000*D6 | F6: =Premissas!$B$7
A7: 4 | B7: Ano 1 | C7: =C6*(1+Premissas!$B$5) | D7: =Premissas!$B$6 | E7: =C7/1000*D7 | F7: =Premissas!$B$7
A8: 5 | B8: Ano 1 | C8: =C7*(1+Premissas!$B$5) | D8: =Premissas!$B$6 | E8: =C8/1000*D8 | F8: =Premissas!$B$7
A9: 6 | B9: Ano 1 | C9: =C8*(1+Premissas!$B$5) | D9: =Premissas!$B$6 | E9: =C9/1000*D9 | F9: =Premissas!$B$7
A10: 7 | B10: Ano 1 | C10: =C9*(1+Premissas!$B$5) | D10: =Premissas!$B$6 | E10: =C10/1000*D10 | F10: =Premissas!$B$7
A11: 8 | B11: Ano 1 | C11: =C10*(1+Premissas!$B$5) | D11: =Premissas!$B$6 | E11: =C11/1000*D11 | F11: =Premissas!$B$7
A12: 9 | B12: Ano 1 | C12: =C11*(1+Premissas!$B$5) | D12: =Premissas!$B$6 | E12: =C12/1000*D12 | F12: =Premissas!$B$7
A13: 10 | B13: Ano 1 | C13: =C12*(1+Premissas!$B$5) | D13: =Premissas!$B$6 | E13: =C13/1000*D13 | F13: =Premissas!$B$7
A14: 11 | B14: Ano 1 | C14: =C13*(1+Premissas!$B$5) | D14: =Premissas!$B$6 | E14: =C14/1000*D14 | F14: =Premissas!$B$7
A15: 12 | B15: Ano 1 | C15: =C14*(1+Premissas!$B$5) | D15: =Premissas!$B$6 | E15: =C15/1000*D15 | F15: =Premissas!$B$7
A16: 13 | B16: Ano 2 | C16: =C15*(1+Premissas!$C$5) | D16: =Premissas!$C$6 | E16: =C16/1000*D16 | F16: =Premissas!$C$7
A17: 14 | B17: Ano 2 | C17: =C16*(1+Premissas!$C$5) | D17: =Premissas!$C$6 | E17: =C17/1000*D17 | F17: =Premissas!$C$7
A18: 15 | B18: Ano 2 | C18: =C17*(1+Premissas!$C$5) | D18: =Premissas!$C$6 | E18: =C18/1000*D18 | F18: =Premissas!$C$7
A19: 16 | B19: Ano 2 | C19: =C18*(1+Premissas!$C$5) | D19: =Premissas!$C$6 | E19: =C19/1000*D19 | F19: =Premissas!$C$7
A20: 17 | B20: Ano 2 | C20: =C19*(1+Premissas!$C$5) | D20: =Premissas!$C$6 | E20: =C20/1000*D20 | F20: =Premissas!$C$7
A21: 18 | B21: Ano 2 | C21: =C20*(1+Premissas!$C$5) | D21: =Premissas!$C$6 | E21: =C21/1000*D21 | F21: =Premissas!$C$7
A22: 19 | B22: Ano 2 | C22: =C21*(1+Premissas!$C$5) | D22: =Premissas!$C$6 | E22: =C22/1000*D22 | F22: =Premissas!$C$7
A23: 20 | B23: Ano 2 | C23: =C22*(1+Premissas!$C$5) | D23: =Premissas!$C$6 | E23: =C23/1000*D23 | F23: =Premissas!$C$7
A24: 21 | B24: Ano 2 | C24: =C23*(1+Premissas!$C$5) | D24: =Premissas!$C$6 | E24: =C24/1000*D24 | F24: =Premissas!$C$7
A25: 22 | B25: Ano 2 | C25: =C24*(1+Premissas!$C$5) | D25: =Premissas!$C$6 | E25: =C25/1000*D25 | F25: =Premissas!$C$7
A26: 23 | B26: Ano 2 | C26: =C25*(1+Premissas!$C$5) | D26: =Premissas!$C$6 | E26: =C26/1000*D26 | F26: =Premissas!$C$7
A27: 24 | B27: Ano 2 | C27: =C26*(1+Premissas!$C$5) | D27: =Premissas!$C$6 | E27: =C27/1000*D27 | F27: =Premissas!$C$7
A28: 25 | B28: Ano 3 | C28: =C27*(1+Premissas!$D$5) | D28: =Premissas!$D$6 | E28: =C28/1000*D28 | F28: =Premissas!$D$7
A29: 26 | B29: Ano 3 | C29: =C28*(1+Premissas!$D$5) | D29: =Premissas!$D$6 | E29: =C29/1000*D29 | F29: =Premissas!$D$7
A30: 27 | B30: Ano 3 | C30: =C29*(1+Premissas!$D$5) | D30: =Premissas!$D$6 | E30: =C30/1000*D30 | F30: =Premissas!$D$7
A31: 28 | B31: Ano 3 | C31: =C30*(1+Premissas!$D$5) | D31: =Premissas!$D$6 | E31: =C31/1000*D31 | F31: =Premissas!$D$7
A32: 29 | B32: Ano 3 | C32: =C31*(1+Premissas!$D$5) | D32: =Premissas!$D$6 | E32: =C32/1000*D32 | F32: =Premissas!$D$7
A33: 30 | B33: Ano 3 | C33: =C32*(1+Premissas!$D$5) | D33: =Premissas!$D$6 | E33: =C33/1000*D33 | F33: =Premissas!$D$7
A34: 31 | B34: Ano 3 | C34: =C33*(1+Premissas!$D$5) | D34: =Premissas!$D$6 | E34: =C34/1000*D34 | F34: =Premissas!$D$7
A35: 32 | B35: Ano 3 | C35: =C34*(1+Premissas!$D$5) | D35: =Premissas!$D$6 | E35: =C35/1000*D35 | F35: =Premissas!$D$7
A36: 33 | B36: Ano 3 | C36: =C35*(1+Premissas!$D$5) | D36: =Premissas!$D$6 | E36: =C36/1000*D36 | F36: =Premissas!$D$7
A37: 34 | B37: Ano 3 | C37: =C36*(1+Premissas!$D$5) | D37: =Premissas!$D$6 | E37: =C37/1000*D37 | F37: =Premissas!$D$7
A38: 35 | B38: Ano 3 | C38: =C37*(1+Premissas!$D$5) | D38: =Premissas!$D$6 | E38: =C38/1000*D38 | F38: =Premissas!$D$7
A39: 36 | B39: Ano 3 | C39: =C38*(1+Premissas!$D$5) | D39: =Premissas!$D$6 | E39: =C39/1000*D39 | F39: =Premissas!$D$7

Sheet Resumo Anual
A1: RESUMO ANUAL
A3: Indicador | B3: Ano 1 | C3: Ano 2 | D3: Ano 3
A4: Visitas/mês (saída do ano) | B4: ='Projeção Mensal'!C15 | C4: ='Projeção Mensal'!C27 | D4: ='Projeção Mensal'!C39
A5: Receita anual | B5: =SUM('Projeção Mensal'!E4:E15) | C5: =SUM('Projeção Mensal'!E16:E27) | D5: =SUM('Projeção Mensal'!E28:E39)
A6: Custo operacional anual | B6: =SUM('Projeção Mensal'!F4:F15) | C6: =SUM('Projeção Mensal'!F16:F27) | D6: =SUM('Projeção Mensal'!F28:F39)
A7: Margem de contribuição (R$) | B7: =B5-B6 | C7: =C5-C6 | D7: =D5-D6
A8: Margem de contribuição (%) | B8: =IF(B5=0,0,B7/B5) | C8: =IF(C5=0,0,C7/C5) | D8: =IF(D5=0,0,D7/D5)
A10: USO DA CAPTAÇÃO (R$ 750 mil)
A11: Frente | B11: % | C11: Valor (R$)
A12: Aquisição de audiência (40%) | B12: 0.4 | C12: =B12*Premissas!$B$11
A13: Monetização / comercial (25%) | B13: 0.25 | C13: =B13*Premissas!$B$11
A14: Time (20%) | B14: 0.2 | C14: =B14*Premissas!$B$11
A15: Produto e tecnologia (10%) | B15: 0.1 | C15: =B15*Premissas!$B$11
A16: Reserva / jurídico (5%) | B16: 0.05 | C16: =B16*Premissas!$B$11
A17: Total | B17: =SUM(B12:B16) | C17: =SUM(C12:C16)
A19: Nota: cenário ilustrativo a partir da base real (jun/2026, ~125 usuários). Ajuste as premissas (azul) para rodar outros cenários.
